"IntAct - Feature::Edge SUIDs","IntAct - Feature::Name","IntAct - Feature::Type","IntAct - Feature::Type MI Id","IntAct - Feature::Type Mod Id","IntAct - Feature::Type Par Id","UUID"
"7867","whole molecule","sufficient to bind","MI:0442",,,"9f271070-dc84-4516-a27f-004be97235ed"
"7867","region","32p radiolabel","MI:0236",,,"9f271070-dc84-4516-a27f-004be97235ed"
"7872","whole molecule","sufficient to bind","MI:0442",,,"9f271070-dc84-4516-a27f-004be97235ed"
"7882","5' prime","cy5 label","MI:0376",,,"9f271070-dc84-4516-a27f-004be97235ed"
"7886","P0DTD1-PRO_0000449627:p.Asn1delinsGlySerAsn","mutation disrupting rate","MI:1129",,,"9f271070-dc84-4516-a27f-004be97235ed"
"7886","p.Asn1","guanylated residue",,"MOD:01163",,"9f271070-dc84-4516-a27f-004be97235ed"
"7894","P0DTD1-PRO_0000449627:p.Asn1delinsGlySerAsn","mutation disrupting rate","MI:1129",,,"9f271070-dc84-4516-a27f-004be97235ed"
"7894","p.Asn1","guanylated residue",,"MOD:01163",,"9f271070-dc84-4516-a27f-004be97235ed"
"7899|7907","P0DTD1-PRO_0000449629:p.Tyr129Ala","mutation decreasing rate","MI:1130",,,"9f271070-dc84-4516-a27f-004be97235ed"
"7899|7907","P0DTD1-PRO_0000449629:p.Lys50Ala","mutation with no effect","MI:2226",,,"9f271070-dc84-4516-a27f-004be97235ed"
"7899|7907","P0DTD1-PRO_0000449629:p.Arg116Ala","mutation with no effect","MI:2226",,,"9f271070-dc84-4516-a27f-004be97235ed"
"7899|7907","P0DTD1-PRO_0000449629:p.Asp218Ala","mutation with no effect","MI:2226",,,"9f271070-dc84-4516-a27f-004be97235ed"
"7899|7907","P0DTD1-PRO_0000449629:p.Asp760Ala","mutation disrupting rate","MI:1129",,,"9f271070-dc84-4516-a27f-004be97235ed"
"7907","5' prime","cy5 label","MI:0376",,,"9f271070-dc84-4516-a27f-004be97235ed"
"7914","5' prime","cy5 label","MI:0376",,,"9f271070-dc84-4516-a27f-004be97235ed"
"7924","5' prime","cy5 label","MI:0376",,,"9f271070-dc84-4516-a27f-004be97235ed"
"7928|7937|7942","n-terminus","his tag","MI:0521",,,"9f271070-dc84-4516-a27f-004be97235ed"
"7928|7937|7942","n-terminus","his tag","MI:0521",,,"9f271070-dc84-4516-a27f-004be97235ed"
"7928|7937|7942","n-terminus","his tag","MI:0521",,,"9f271070-dc84-4516-a27f-004be97235ed"
"7928|7937|7942","C-terminus","his tag","MI:0521",,,"9f271070-dc84-4516-a27f-004be97235ed"
"7928","n-terminus","gst tag","MI:0519",,,"9f271070-dc84-4516-a27f-004be97235ed"
"7928","n-terminus","his tag","MI:0521",,,"9f271070-dc84-4516-a27f-004be97235ed"
"7937","5' prime","fluorescein","MI:0939",,,"9f271070-dc84-4516-a27f-004be97235ed"
"7937","3-prime UTR region","sufficient to bind","MI:0442",,,"9f271070-dc84-4516-a27f-004be97235ed"
"7942","3-prime UTR region","sufficient to bind","MI:0442",,,"9f271070-dc84-4516-a27f-004be97235ed"
"7946|8241|8246","n-terminus","gst tag","MI:0519",,,"9f271070-dc84-4516-a27f-004be97235ed"
"7946|8241|8246","n-terminus","his tag","MI:0521",,,"9f271070-dc84-4516-a27f-004be97235ed"
"7946","n-terminus","his tag","MI:0521",,,"9f271070-dc84-4516-a27f-004be97235ed"
"7946","n-terminus","his tag","MI:0521",,,"9f271070-dc84-4516-a27f-004be97235ed"
"7946","n-terminus","his tag","MI:0521",,,"9f271070-dc84-4516-a27f-004be97235ed"
"7946","C-terminus","his tag","MI:0521",,,"9f271070-dc84-4516-a27f-004be97235ed"
"7955","5' prime","fluorescein","MI:0939",,,"9f271070-dc84-4516-a27f-004be97235ed"
"7955","3-prime UTR region","sufficient to bind","MI:0442",,,"9f271070-dc84-4516-a27f-004be97235ed"
"7955","n-terminus","his tag","MI:0521",,,"9f271070-dc84-4516-a27f-004be97235ed"
"7955","n-terminus","his tag","MI:0521",,,"9f271070-dc84-4516-a27f-004be97235ed"
"7955","n-terminus","his tag","MI:0521",,,"9f271070-dc84-4516-a27f-004be97235ed"
"7955","C-terminus","his tag","MI:0521",,,"9f271070-dc84-4516-a27f-004be97235ed"
"7964","Cytidine_radiolabel","32p radiolabel","MI:0236",,,"9f271070-dc84-4516-a27f-004be97235ed"
"7964","4-thio-Uracil","rna chemical modification","MI:2202",,,"9f271070-dc84-4516-a27f-004be97235ed"
"7964","P0DTD1-PRO_0000449629:p.Asp760Ala","mutation increasing strength","MI:1132",,,"9f271070-dc84-4516-a27f-004be97235ed"
"7973","P0DTD1-PRO_0000449629:p.Asp760Ala","mutation causing","MI:2227",,,"9f271070-dc84-4516-a27f-004be97235ed"
"7980","P0DTD1-PRO_0000449629:p.Asp760Ala","mutation with no effect","MI:2226",,,"9f271070-dc84-4516-a27f-004be97235ed"
"7984","P0DTD1-PRO_0000449629:p.Asp760Ala","mutation with no effect","MI:2226",,,"9f271070-dc84-4516-a27f-004be97235ed"
"7994","5' prime","cy5 label","MI:0376",,,"9f271070-dc84-4516-a27f-004be97235ed"
"7994","region","alexa 546 label","MI:0389",,,"9f271070-dc84-4516-a27f-004be97235ed"
"7994","C-terminus","his tag","MI:0521",,,"9f271070-dc84-4516-a27f-004be97235ed"
"8000","region","sufficient to bind","MI:0442",,,"9f271070-dc84-4516-a27f-004be97235ed"
"8004","region","sufficient to bind","MI:0442",,,"9f271070-dc84-4516-a27f-004be97235ed"
"8008","whole molecule","sufficient to bind","MI:0442",,,"9f271070-dc84-4516-a27f-004be97235ed"
"8012","whole molecule","sufficient to bind","MI:0442",,,"9f271070-dc84-4516-a27f-004be97235ed"
"8016","whole molecule","sufficient to bind","MI:0442",,,"9f271070-dc84-4516-a27f-004be97235ed"
"8020","whole molecule","sufficient to bind","MI:0442",,,"9f271070-dc84-4516-a27f-004be97235ed"
"8027","whole molecule","sufficient to bind","MI:0442",,,"9f271070-dc84-4516-a27f-004be97235ed"
"8031","whole molecule","sufficient to bind","MI:0442",,,"9f271070-dc84-4516-a27f-004be97235ed"
"8035","whole molecule","sufficient to bind","MI:0442",,,"9f271070-dc84-4516-a27f-004be97235ed"
"8039","whole molecule","sufficient to bind","MI:0442",,,"9f271070-dc84-4516-a27f-004be97235ed"
"8046","whole molecule","sufficient to bind","MI:0442",,,"9f271070-dc84-4516-a27f-004be97235ed"
"8050","whole molecule","sufficient to bind","MI:0442",,,"9f271070-dc84-4516-a27f-004be97235ed"
"8054|8065","P0DTD1-PRO_0000449626:p.Asp163Ala","mutation disrupting rate","MI:1129",,,"9f271070-dc84-4516-a27f-004be97235ed"
"8054|8065","P0DTD1-PRO_0000449626:p.Ala181Asn","mutation decreasing rate","MI:1130",,,"9f271070-dc84-4516-a27f-004be97235ed"
"8054|8065","P0DTD1-PRO_0000449626:p.Ala162Lys","mutation disrupting rate","MI:1129",,,"9f271070-dc84-4516-a27f-004be97235ed"
"8054|8065","P0DTD1-PRO_0000449625:p.Lys27Ala","mutation decreasing rate","MI:1130",,,"9f271070-dc84-4516-a27f-004be97235ed"
"8054|8065","C-terminus","his tag","MI:0521",,,"9f271070-dc84-4516-a27f-004be97235ed"
"8054|8065","C-terminus","his tag","MI:0521",,,"9f271070-dc84-4516-a27f-004be97235ed"
"8054|8065","C-terminus","his tag","MI:0521",,,"9f271070-dc84-4516-a27f-004be97235ed"
"8054","whole molecule","sufficient to bind","MI:0442",,,"9f271070-dc84-4516-a27f-004be97235ed"
"8065","whole molecule","sufficient to bind","MI:0442",,,"9f271070-dc84-4516-a27f-004be97235ed"
"8069|8081","P0DTD1-PRO_0000449626:p.Ala181Asn","mutation with no effect","MI:2226",,,"9f271070-dc84-4516-a27f-004be97235ed"
"8069|8081","P0DTD1-PRO_0000449626:p.Ala162Lys","mutation with no effect","MI:2226",,,"9f271070-dc84-4516-a27f-004be97235ed"
"8069|8081","P0DTD1-PRO_0000449626:p.Asp163Ala","mutation with no effect","MI:2226",,,"9f271070-dc84-4516-a27f-004be97235ed"
"8069|8081","P0DTD1-PRO_0000449625:p.Lys27Ala","mutation with no effect","MI:2226",,,"9f271070-dc84-4516-a27f-004be97235ed"
"8069|8081","C-terminus","his tag","MI:0521",,,"9f271070-dc84-4516-a27f-004be97235ed"
"8069|8081","C-terminus","his tag","MI:0521",,,"9f271070-dc84-4516-a27f-004be97235ed"
"8069|8081","C-terminus","his tag","MI:0521",,,"9f271070-dc84-4516-a27f-004be97235ed"
"8069","5-prime","fluorescein","MI:0939",,,"9f271070-dc84-4516-a27f-004be97235ed"
"8069","whole molecule","sufficient to bind","MI:0442",,,"9f271070-dc84-4516-a27f-004be97235ed"
"8081","whole molecule","sufficient to bind","MI:0442",,,"9f271070-dc84-4516-a27f-004be97235ed"
"8085|8097","P0DTD1-PRO_0000449626:p.Ala181Asn","mutation decreasing rate","MI:1130",,,"9f271070-dc84-4516-a27f-004be97235ed"
"8085|8097","P0DTD1-PRO_0000449626:p.Ala162Lys","mutation disrupting rate","MI:1129",,,"9f271070-dc84-4516-a27f-004be97235ed"
"8085|8097","P0DTD1-PRO_0000449626:p.Asp163Ala","mutation disrupting rate","MI:1129",,,"9f271070-dc84-4516-a27f-004be97235ed"
"8085|8097","P0DTD1-PRO_0000449625:p.Lys27Ala","mutation decreasing rate","MI:1130",,,"9f271070-dc84-4516-a27f-004be97235ed"
"8085|8097","C-terminus","his tag","MI:0521",,,"9f271070-dc84-4516-a27f-004be97235ed"
"8085|8097","C-terminus","his tag","MI:0521",,,"9f271070-dc84-4516-a27f-004be97235ed"
"8085|8097","C-terminus","his tag","MI:0521",,,"9f271070-dc84-4516-a27f-004be97235ed"
"8085","5-prime","fluorescein","MI:0939",,,"9f271070-dc84-4516-a27f-004be97235ed"
"8085","whole molecule","sufficient to bind","MI:0442",,,"9f271070-dc84-4516-a27f-004be97235ed"
"8097","whole molecule","sufficient to bind","MI:0442",,,"9f271070-dc84-4516-a27f-004be97235ed"
"8101","c-terminus","biotin tag","MI:0239",,,"9f271070-dc84-4516-a27f-004be97235ed"
"8105","fluorescein amidite","fluorescein","MI:0939",,,"9f271070-dc84-4516-a27f-004be97235ed"
"8105","n-terminus","his tag","MI:0521",,,"9f271070-dc84-4516-a27f-004be97235ed"
"8110","fluorescein amidite","fluorescein","MI:0939",,,"9f271070-dc84-4516-a27f-004be97235ed"
"8110","n-terminus","his tag","MI:0521",,,"9f271070-dc84-4516-a27f-004be97235ed"
"8115","fluorescein amidite","fluorescein","MI:0939",,,"9f271070-dc84-4516-a27f-004be97235ed"
"8119","n-terminus","his tag","MI:0521",,,"9f271070-dc84-4516-a27f-004be97235ed"
"8123","n-terminus","his tag","MI:0521",,,"9f271070-dc84-4516-a27f-004be97235ed"
"8127","n-terminus","his tag","MI:0521",,,"9f271070-dc84-4516-a27f-004be97235ed"
"8131","Cytidine_radiolabel","32p radiolabel","MI:0236",,,"9f271070-dc84-4516-a27f-004be97235ed"
"8131","4-thio-Uracil","rna chemical modification","MI:2202",,,"9f271070-dc84-4516-a27f-004be97235ed"
"8131","P0DTD1-PRO_0000449629:p.Asp760Ala","mutation increasing strength","MI:1132",,,"9f271070-dc84-4516-a27f-004be97235ed"
"8140","P0DTD1-PRO_0000449629:p.Asp760Ala","mutation with no effect","MI:2226",,,"9f271070-dc84-4516-a27f-004be97235ed"
"8147|8154|8158","n-terminus","his tag","MI:0521",,,"9f271070-dc84-4516-a27f-004be97235ed"
"8147|8154|8158","n-terminus","his tag","MI:0521",,,"9f271070-dc84-4516-a27f-004be97235ed"
"8147","5' prime","cy5 label","MI:0376",,,"9f271070-dc84-4516-a27f-004be97235ed"
"8147","whole molecule","sufficient to bind","MI:0442",,,"9f271070-dc84-4516-a27f-004be97235ed"
"8154","whole molecule","sufficient to bind","MI:0442",,,"9f271070-dc84-4516-a27f-004be97235ed"
"8161|8168","n-terminus","his tag","MI:0521",,,"9f271070-dc84-4516-a27f-004be97235ed"
"8161|8168","n-terminus","his tag","MI:0521",,,"9f271070-dc84-4516-a27f-004be97235ed"
"8161","whole molecule","sufficient to bind","MI:0442",,,"9f271070-dc84-4516-a27f-004be97235ed"
"8161","5' prime","cy5 label","MI:0376",,,"9f271070-dc84-4516-a27f-004be97235ed"
"8168","whole molecule","sufficient to bind","MI:0442",,,"9f271070-dc84-4516-a27f-004be97235ed"
"8172|8177","ExoN domain","sufficient to bind","MI:0442",,,"9f271070-dc84-4516-a27f-004be97235ed"
"8172","5'-prime","fluorescein","MI:0939",,,"9f271070-dc84-4516-a27f-004be97235ed"
"8180|8188","P0DTD1-PRO_0000449631:p.Lys139Ala","mutation decreasing rate","MI:1130",,,"9f271070-dc84-4516-a27f-004be97235ed"
"8180|8188","P0DTD1-PRO_0000449631:p.Lys61Ala","mutation decreasing rate","MI:1130",,,"9f271070-dc84-4516-a27f-004be97235ed"
"8180|8188","P0DTD1-PRO_0000449631:p.Lys9Ala","mutation decreasing rate","MI:1130",,,"9f271070-dc84-4516-a27f-004be97235ed"
"8180|8188","P0DTD1-PRO_0000449631:p.Glu191Gln","mutation disrupting rate","MI:1129",,,"9f271070-dc84-4516-a27f-004be97235ed"
"8180|8188","ExoN domain","sufficient to bind","MI:0442",,,"9f271070-dc84-4516-a27f-004be97235ed"
"8188","5'-prime","fluorescein","MI:0939",,,"9f271070-dc84-4516-a27f-004be97235ed"
"8192","ExoN domain","sufficient to bind","MI:0442",,,"9f271070-dc84-4516-a27f-004be97235ed"
"8192","5'-prime","fluorescein","MI:0939",,,"9f271070-dc84-4516-a27f-004be97235ed"
"8197|8202","ExoN domain","sufficient to bind","MI:0442",,,"9f271070-dc84-4516-a27f-004be97235ed"
"8197|8202","P0DTD1-PRO_0000449631:p.Glu191Gln","mutation disrupting rate","MI:1129",,,"9f271070-dc84-4516-a27f-004be97235ed"
"8202","5'-prime","fluorescein","MI:0939",,,"9f271070-dc84-4516-a27f-004be97235ed"
"8206","C-terminus","his tag","MI:0521",,,"9f271070-dc84-4516-a27f-004be97235ed"
"8206","n-terminus","his tag","MI:0521",,,"9f271070-dc84-4516-a27f-004be97235ed"
"8211","2'-O-methyl","rna chemical modification","MI:2202",,,"9f271070-dc84-4516-a27f-004be97235ed"
"8211","n-terminus","his tag","MI:0521",,,"9f271070-dc84-4516-a27f-004be97235ed"
"8211","P0DTD1-PRO_0000449631:p.Glu191Ala","mutation","MI:0118",,,"9f271070-dc84-4516-a27f-004be97235ed"
"8217","2'-O-methyl","rna chemical modification","MI:2202",,,"9f271070-dc84-4516-a27f-004be97235ed"
"8217","5' prime Guanosine","rna chemical modification","MI:2202",,,"9f271070-dc84-4516-a27f-004be97235ed"
"8217","n-terminus","his tag","MI:0521",,,"9f271070-dc84-4516-a27f-004be97235ed"
"8217","P0DTD1-PRO_0000449631:p.Glu191Ala","mutation","MI:0118",,,"9f271070-dc84-4516-a27f-004be97235ed"
"8224","2'-O-methyl","rna chemical modification","MI:2202",,,"9f271070-dc84-4516-a27f-004be97235ed"
"8224","5' prime Guanosine","rna chemical modification","MI:2202",,,"9f271070-dc84-4516-a27f-004be97235ed"
"8224","n-terminus","his tag","MI:0521",,,"9f271070-dc84-4516-a27f-004be97235ed"
"8230|8237","n-terminus","gst tag","MI:0519",,,"9f271070-dc84-4516-a27f-004be97235ed"
"8230|8237","n-terminus","his tag","MI:0521",,,"9f271070-dc84-4516-a27f-004be97235ed"
"8230","5' prime","fluorescein","MI:0939",,,"9f271070-dc84-4516-a27f-004be97235ed"
"8230","3-prime UTR region","sufficient to bind","MI:0442",,,"9f271070-dc84-4516-a27f-004be97235ed"
"8237","3-prime UTR region","sufficient to bind","MI:0442",,,"9f271070-dc84-4516-a27f-004be97235ed"
"8241","5' prime","fluorescein","MI:0939",,,"9f271070-dc84-4516-a27f-004be97235ed"
"8241","3-prime UTR region","sufficient to bind","MI:0442",,,"9f271070-dc84-4516-a27f-004be97235ed"
"8246","3-prime UTR region","sufficient to bind","MI:0442",,,"9f271070-dc84-4516-a27f-004be97235ed"
"8250|8257","n-terminus","gst tag","MI:0519",,,"9f271070-dc84-4516-a27f-004be97235ed"
"8250|8257","n-terminus","his tag","MI:0521",,,"9f271070-dc84-4516-a27f-004be97235ed"
"8250","5' prime","fluorescein","MI:0939",,,"9f271070-dc84-4516-a27f-004be97235ed"
"8250","3-prime UTR region","sufficient to bind","MI:0442",,,"9f271070-dc84-4516-a27f-004be97235ed"
"8257","3-prime UTR region","sufficient to bind","MI:0442",,,"9f271070-dc84-4516-a27f-004be97235ed"
"8261","5' prime","fluorescein","MI:0939",,,"9f271070-dc84-4516-a27f-004be97235ed"
"8261","3-prime UTR region","sufficient to bind","MI:0442",,,"9f271070-dc84-4516-a27f-004be97235ed"
"8261","n-terminus","gst tag","MI:0519",,,"9f271070-dc84-4516-a27f-004be97235ed"
"8261","n-terminus","his tag","MI:0521",,,"9f271070-dc84-4516-a27f-004be97235ed"
"8268|8275","n-terminus","gst tag","MI:0519",,,"9f271070-dc84-4516-a27f-004be97235ed"
"8268|8275","n-terminus","his tag","MI:0521",,,"9f271070-dc84-4516-a27f-004be97235ed"
"8268","5' prime","fluorescein","MI:0939",,,"9f271070-dc84-4516-a27f-004be97235ed"
"8268","3-prime UTR region","sufficient to bind","MI:0442",,,"9f271070-dc84-4516-a27f-004be97235ed"
"8275","3-prime UTR region","sufficient to bind","MI:0442",,,"9f271070-dc84-4516-a27f-004be97235ed"
"8279","5' prime","fluorescein","MI:0939",,,"9f271070-dc84-4516-a27f-004be97235ed"
"8279","P0DTD1-PRO_0000449631:p.[Glu191Ala;His268Ala;Asp273Ala]","mutation disrupting rate","MI:1129",,,"9f271070-dc84-4516-a27f-004be97235ed"
"8279","ExoN","sufficient to bind","MI:0442",,,"9f271070-dc84-4516-a27f-004be97235ed"
"8285|8290","ExoN","sufficient to bind","MI:0442",,,"9f271070-dc84-4516-a27f-004be97235ed"
"8285|8290","P0DTD1-PRO_0000449631:p.[Glu191Ala;His268Ala;Asp273Ala]","mutation disrupting rate","MI:1129",,,"9f271070-dc84-4516-a27f-004be97235ed"
"8293|8298","ExoN","sufficient to bind","MI:0442",,,"9f271070-dc84-4516-a27f-004be97235ed"
"8293|8298","P0DTD1-PRO_0000449631:p.[Glu191Ala;His268Ala;Asp273Ala]","mutation disrupting rate","MI:1129",,,"9f271070-dc84-4516-a27f-004be97235ed"
"8301|8306","ExoN domain","sufficient to bind","MI:0442",,,"9f271070-dc84-4516-a27f-004be97235ed"
"8301","mutant-n.21A>U","mutation with no effect","MI:2226",,,"9f271070-dc84-4516-a27f-004be97235ed"
"8306","5'-prime","fluorescein","MI:0939",,,"9f271070-dc84-4516-a27f-004be97235ed"
"8310","P0DTD1-PRO_0000449631:p.Lys139Ala","mutation decreasing rate","MI:1130",,,"9f271070-dc84-4516-a27f-004be97235ed"
"8310","P0DTD1-PRO_0000449631:p.Lys61Ala","mutation decreasing rate","MI:1130",,,"9f271070-dc84-4516-a27f-004be97235ed"
"8310","P0DTD1-PRO_0000449631:p.Lys9Ala","mutation decreasing rate","MI:1130",,,"9f271070-dc84-4516-a27f-004be97235ed"
"8310","P0DTD1-PRO_0000449631:p.Glu191Gln","mutation disrupting rate","MI:1129",,,"9f271070-dc84-4516-a27f-004be97235ed"
"8310","ExoN domain","sufficient to bind","MI:0442",,,"9f271070-dc84-4516-a27f-004be97235ed"
"8310","5'-prime","fluorescein","MI:0939",,,"9f271070-dc84-4516-a27f-004be97235ed"
